idx;location;lat;lon
0;ubiquiti;37.38428545;-121.92940987273407
1;canada;61.0666922;-107.991707
2;canada;61.0666922;-107.991707
3;west region;-0.6547242;30.6720957
4;uconn;41.8111114;-72.2484133545308
5;arkansas;35.2048883;-92.4479108
6;alabama;33.2588817;-86.8295337
7;florida;27.7567667;-81.4639835
8;kentucky;37.5726028;-85.1551411
9;illinois;40.0796606;-89.4337288
10;houston;29.7589382;-95.3676974
11;arizona;34.395342;-111.763275
12;texas;31.2638905;-98.5456116
13;san antonio;29.4246002;-98.4951405
14;michigan;43.6211955;-84.6824346
15;maryland;39.5162401;-76.9382069
16;west san francisco;12.1023622;124.8073266
17;tennessee;35.7730076;-86.2820081
18;sri ramana;17.293319699999998;78.67336325
19;bhagavan;17.1677228;79.9430015
20;subrahmanya;12.6660538;75.6133762
21;charlotte;35.2272086;-80.8430827
22;argentina;-34.9964963;-64.9672817
23;kamo;40.8255979;43.9496088
24;delia;39.240552;-95.966935
25;quran;32.17125848450759;35.05986399707604
26;los angeles;34.0536909;-118.242766
27;new york;40.7127281;-74.0060152
28;florida;27.7567667;-81.4639835
29;los angeles;34.0536909;-118.242766
30;new york;40.7127281;-74.0060152
31;florida;27.7567667;-81.4639835
32;los angeles;34.0536909;-118.242766
33;new york;40.7127281;-74.0060152
34;florida;27.7567667;-81.4639835
35;los angeles;34.0536909;-118.242766
36;new york;40.7127281;-74.0060152
37;florida;27.7567667;-81.4639835
38;los angeles;34.0536909;-118.242766
39;new york;40.7127281;-74.0060152
40;florida;27.7567667;-81.4639835
41;los angeles;34.0536909;-118.242766
42;new york;40.7127281;-74.0060152
43;florida;27.7567667;-81.4639835
44;los angeles;34.0536909;-118.242766
45;new york;40.7127281;-74.0060152
46;florida;27.7567667;-81.4639835
47;los angeles;34.0536909;-118.242766
48;new york;40.7127281;-74.0060152
49;florida;27.7567667;-81.4639835
50;los angeles;34.0536909;-118.242766
51;new york;40.7127281;-74.0060152
52;florida;27.7567667;-81.4639835
53;los angeles;34.0536909;-118.242766
54;new york;40.7127281;-74.0060152
55;florida;27.7567667;-81.4639835
56;los angeles;34.0536909;-118.242766
57;new york;40.7127281;-74.0060152
58;florida;27.7567667;-81.4639835
59;los angeles;34.0536909;-118.242766
60;new york;40.7127281;-74.0060152
61;florida;27.7567667;-81.4639835
62;nevada;39.5158825;-116.853722
63;pica;45.52188945;-122.68171820347561
64;phobia;48.8351638;2.3609876
65;kivi;37.6846951;48.3396197
66;egypt;26.2540493;29.2675469
67;toronto;43.6534817;-79.3839347
68;biosci;14.1669733;121.2399398
69;south korea;36.638392;127.6961188
70;east village;40.7292688;-73.9873613
71;florida;27.7567667;-81.4639835
72;orlando;28.5421109;-81.3790304
73;kinda;57.9946553;15.8926885
74;netflix;40.76376354999999;-73.97430267133896
75;finaly;43.799804550000005;11.266209631244529
76;bactine;None;None
77;california;36.7014631;-118.755997
78;louisiana;30.8703881;-92.007126
79;va;41.903411;12.4528527
80;casa;33.5738331;-7.6153131
81;soltado que;None;None
82;cada;15.6134137;19.0156172
83;único;-29.512507018633343;-71.1989451717658
84;marihuana;3.8750069;-76.9301635465433
85;del salvador;-33.05714434715449;-71.61028630541566
86;el cuerpo;42.6461182;-3.2708034
87;chico;39.7284945;-121.8374777
88;noche esporádica;None;None
89;llevado;41.7127318;2.9069339487083923
90;el;38.915304000000006;-99.31725312947998
91;quedo;18.302632;-66.063549
92;buen;47.382002;7.8623595
93;hacia;16.91406031423638;-99.82430096448351
94;la cita;3.9346966;-75.2208736
95;el único;18.3160498;-94.9800146
96;grindr;38.3691641;26.135406
97;california;36.7014631;-118.755997
98;west valley city;40.6967891;-111.9866954
99;australia;-24.7761086;134.755
100;tina;44.8605861;23.8241295
101;egypt;26.2540493;29.2675469
102;russia;64.6863136;97.7453061
103;texas;31.2638905;-98.5456116
104;phobia;48.8351638;2.3609876
105;anesthesia;36.253332650000004;-86.68369799094495
106;america;39.7837304;-100.445882
107;sacramento;38.5810606;-121.493895
108;california;36.7014631;-118.755997
109;virginia;37.1232245;-78.4927721
110;new zealand;-41.5000831;172.8344077
111;maryland;39.5162401;-76.9382069
112;pagan;21.1317111;94.8623644
113;north carolina;35.6729639;-79.0392919
114;brooklyn;40.6526006;-73.9497211
115;brooklyn;40.6526006;-73.9497211
116;brooklyn;40.6526006;-73.9497211
117;brooklyn;40.6526006;-73.9497211
118;brooklyn;40.6526006;-73.9497211
119;brooklyn;40.6526006;-73.9497211
120;america;39.7837304;-100.445882
121;brooklyn;40.6526006;-73.9497211
122;brooklyn;40.6526006;-73.9497211
123;brooklyn;40.6526006;-73.9497211
124;kuno;62.308899999999994;-6.659841603548006
125;brooklyn;40.6526006;-73.9497211
126;brooklyn;40.6526006;-73.9497211
127;comfort zone;43.6346897;-79.54203
128;kinda;57.9946553;15.8926885
129;mcas;32.87117415;-117.1387554430446
130;weekends;-33.4726024;-70.6430836
131;las vegas;36.2533896;-115.2794366262601
132;california;36.7014631;-118.755997
133;arizona;34.395342;-111.763275
134;langdon;48.7605902;-98.3678245
135;orlando;28.5421109;-81.3790304
136;jordan;44.6663146;-93.6261918
137;concho valley;44.25164145;-105.5371355863401
138;cacao;4.5717259;-52.4702995
139;oakland;37.8044557;-122.271356
140;turkey;39.294076;35.2316631
141;kinda;57.9946553;15.8926885
142;tokyo;35.6768601;139.7638947
143;harem;43.55699355;19.073271439249854
144;kinda;57.9946553;15.8926885
145;south korea;36.638392;127.6961188
146;meth;31.161862;77.5101328
147;meth;31.161862;77.5101328
148;afghanistan;33.7680065;66.2385139
149;meth;31.161862;77.5101328
150;israel;30.8124247;34.8594762
151;thou;47.5790082;2.9076132
152;charlotte;35.2272086;-80.8430827
153;argentina;-34.9964963;-64.9672817
154;israel;30.8124247;34.8594762
155;thou;47.5790082;2.9076132
156;israel;30.8124247;34.8594762
157;thou;47.5790082;2.9076132
158;meth;31.161862;77.5101328
159;new vegas;52.1485783;21.0553382
160;zomboid phasmophobia;None;None
161;new vegas;52.1485783;21.0553382
162;zomboid phasmophobia;None;None
163;fort;25.3851063;86.46769912015446
164;egypt;26.2540493;29.2675469
165;kansas;38.27312;-98.5821872
166;ireland;52.865196;-7.9794599
167;america;39.7837304;-100.445882
168;berserk;52.27485935;-0.8583100032570878
169;zurich;47.3744489;8.5410422
170;london;51.5074456;-0.1277653
171;us;39.7837304;-100.445882
172;california county;39.93351495;-120.90572290682644
173;kentucky;37.5726028;-85.1551411
174;florida;27.7567667;-81.4639835
175;london;51.5074456;-0.1277653
176;grindr;38.3691641;26.135406
177;walang;-33.44;149.7594444
178;kami;35.6321694;134.6293314
179;yayari;11.6708838;10.876793492436128
180;bahay;12.0561906;124.6834445
181;mexico;23.6585116;-102.0077097
182;kinda;57.9946553;15.8926885
183;texas;31.2638905;-98.5456116
184;harris county;29.8119769;-95.3741247
185;china;35.0000663;104.999955
186;rebzyyx;None;None
187;va;41.903411;12.4528527
188;america;39.7837304;-100.445882
189;china;35.0000663;104.999955
190;japan;36.5748441;139.2394179
191;us;39.7837304;-100.445882
192;kuno;62.308899999999994;-6.659841603548006
193;anorexic;None;None
194;india;22.3511148;78.6677428
195;virginia;37.1232245;-78.4927721
196;west palm beach;26.715364;-80.0532942
197;washington;38.8950368;-77.0365427
198;florida;27.7567667;-81.4639835
199;hong kong;22.350627;114.1849161
200;vietnam;15.9266657;107.9650855
201;saigon;10.7763897;106.7011391
202;kinda;57.9946553;15.8926885
203;california;36.7014631;-118.755997
204;california;36.7014631;-118.755997
205;california;36.7014631;-118.755997
206;california;36.7014631;-118.755997
207;california;36.7014631;-118.755997
